Question Number,Topic Name,Resources (Name + URL)
1,1.1 Linear equations (one variable),"1) Khan Academy: https://www.khanacademy.org/math/algebra/x2f8bb11595b61c86:solve-equations-inequalities and https://www.khanacademy.org/math/cc-eighth-grade-math/cc-8th-solving-equations, 2) Paul's Notes: https://tutorial.math.lamar.edu/classes/alg/solving.aspx, 3) Purple Math: https://www.purplemath.com/modules/solvelin.htm and https://www.purplemath.com/modules/solvrtnl.htm"
2,1.2 Linear equations (variable on both sides),"1) Khan Academy: https://www.khanacademy.org/math/algebra/x2f8bb11595b61c86:solve-equations-inequalities and https://www.khanacademy.org/math/cc-eighth-grade-math/cc-8th-solving-equations, 2) Paul's Notes: https://tutorial.math.lamar.edu/classes/alg/solving.aspx, 3) Purple Math: https://www.purplemath.com/modules/solvelin.htm and https://www.purplemath.com/modules/solvrtnl.htm"
3,1.3 Rearranging formulas (literal equations),"1) Khan Academy: https://www.khanacademy.org/math/algebra/x2f8bb11595b61c86:solve-equations-inequalities and https://www.khanacademy.org/math/cc-eighth-grade-math/cc-8th-solving-equations and https://www.khanacademy.org/math/algebra/x2f8bb11595b61c86:systems-of-equations, 2) Paul's Notes: https://tutorial.math.lamar.edu/classes/alg/solving.aspx and https://tutorial.math.lamar.edu/Classes/Alg/Systems.aspx, 3) Purple Math: https://www.purplemath.com/modules/solvelin.htm and https://www.purplemath.com/modules/solvrtnl.htm"
4,1.4 Systems of linear equations,"1) Khan Academy: https://www.khanacademy.org/math/algebra/x2f8bb11595b61c86:solve-equations-inequalities and https://www.khanacademy.org/math/cc-eighth-grade-math/cc-8th-solving-equations, 2) Paul's Notes: https://tutorial.math.lamar.edu/classes/alg/solving.aspx, 3) Purple Math: https://www.purplemath.com/modules/solvelin.htm and https://www.purplemath.com/modules/solvrtnl.htm"
5,1.5 Quadratic equations (factoring),"1) Khan Academy: https://www.khanacademy.org/math/algebra/x2f8bb11595b61c86:solve-equations-inequalities and https://www.khanacademy.org/math/cc-eighth-grade-math/cc-8th-solving-equations, 2) Paul's Notes: https://tutorial.math.lamar.edu/classes/alg/solving.aspx, 3) Purple Math: https://www.purplemath.com/modules/solvelin.htm and https://www.purplemath.com/modules/solvrtnl.htm"
6,2.1 Writing scientific notation,"1) Khan Academy: https://www.khanacademy.org/math/algebra/x2f8bb11595b61c86:rational-exponents-radicals and https://www.khanacademy.org/math/algebra-basics/alg-basics-expressions-with-exponents and https://www.khanacademy.org/math/cc-sixth-grade-math/x0267d782:cc-6th-exponents-and-order-of-operations/cc-6th-exponents/a/introduction-to-exponents and https://www.khanacademy.org/math/cc-eighth-grade-math/cc-8th-numbers-operations/cc-8th-scientific-notation/e/scientific_notation and https://www.khanacademy.org/math/8th-grade-illustrative-math/unit-7-exponents-and-scientific-notation, 2) Paul's Notes: https://tutorial.math.lamar.edu/classes/alg/integerexponents.aspx and https://tutorial.math.lamar.edu/classes/alg/rationalexponents.aspx, 3) Purple Math: https://www.purplemath.com/modules/exponent.htm and https://www.purplemath.com/modules/graphing/exponent.htm and https://www.purplemath.com/modules/graphing/exponent3.htm"
7,2.1 Writing scientific notation,"1) Khan Academy: https://www.khanacademy.org/math/algebra/x2f8bb11595b61c86:rational-exponents-radicals and https://www.khanacademy.org/math/algebra-basics/alg-basics-expressions-with-exponents and https://www.khanacademy.org/math/cc-sixth-grade-math/x0267d782:cc-6th-exponents-and-order-of-operations/cc-6th-exponents/a/introduction-to-exponents and https://www.khanacademy.org/math/cc-eighth-grade-math/cc-8th-numbers-operations/cc-8th-scientific-notation/e/scientific_notation?utm_account=Paid_GoogleAds&utm_campaignname=&utm_term=&utm_campaign=0526_KhanReimagined_Teachers_Pre-Launch_PMax&utm_source=adwords&utm_medium=ppc&hsa_acc=6941206222&hsa_cam=23864913054&hsa_grp=&hsa_ad=&hsa_src=x&hsa_tgt=&hsa_kw=&hsa_mt=&hsa_net=adwords&hsa_ver=3&gad_source=1&gad_campaignid=23864914977&gbraid=0AAAAADmu8nPs0257S-DrWIQA0mcHs90Sx&gclid=EAIaIQobChMI06GhhqfIlQMVSWlHAR2K7hYSEAAYASAAEgLjaPD_BwE and https://www.khanacademy.org/math/8th-grade-illustrative-math/unit-7-exponents-and-scientific-notation, 2) Paul's Notes: https://tutorial.math.lamar.edu/classes/alg/integerexponents.aspx and https://tutorial.math.lamar.edu/classes/alg/rationalexponents.aspx, 3) Purple Math: https://www.purplemath.com/modules/exponent.htm and https://www.purplemath.com/modules/graphing/exponent.htm and https://www.purplemath.com/modules/graphing/exponent3.htm"
8,2.2 Operations with scientific notation,"1) Khan Academy: https://www.khanacademy.org/math/algebra/x2f8bb11595b61c86:rational-exponents-radicals and https://www.khanacademy.org/math/algebra-basics/alg-basics-expressions-with-exponents and https://www.khanacademy.org/math/cc-sixth-grade-math/x0267d782:cc-6th-exponents-and-order-of-operations/cc-6th-exponents/a/introduction-to-exponents and https://www.khanacademy.org/math/cc-eighth-grade-math/cc-8th-numbers-operations/cc-8th-scientific-notation/e/scientific_notation?utm_account=Paid_GoogleAds&utm_campaignname=&utm_term=&utm_campaign=0526_KhanReimagined_Teachers_Pre-Launch_PMax&utm_source=adwords&utm_medium=ppc&hsa_acc=6941206222&hsa_cam=23864913054&hsa_grp=&hsa_ad=&hsa_src=x&hsa_tgt=&hsa_kw=&hsa_mt=&hsa_net=adwords&hsa_ver=3&gad_source=1&gad_campaignid=23864914977&gbraid=0AAAAADmu8nPs0257S-DrWIQA0mcHs90Sx&gclid=EAIaIQobChMI06GhhqfIlQMVSWlHAR2K7hYSEAAYASAAEgLjaPD_BwE and https://www.khanacademy.org/math/8th-grade-illustrative-math/unit-7-exponents-and-scientific-notation, 2) Paul's Notes: https://tutorial.math.lamar.edu/classes/alg/integerexponents.aspx and https://tutorial.math.lamar.edu/classes/alg/rationalexponents.aspx, 3) Purple Math: https://www.purplemath.com/modules/exponent.htm and https://www.purplemath.com/modules/graphing/exponent.htm and https://www.purplemath.com/modules/graphing/exponent3.htm"
9,2.3 Metric length conversion,"1) Khan Academy: https://www.khanacademy.org/kmap/measurement-and-data-f/converting-units-of-measure and https://www.khanacademy.org/test-prep/v2-sat-math/x0fcc98a58ba3bea7:problem-solving-and-data-analysis-harder/x0fcc98a58ba3bea7:unit-conversion-harder/a/v2-sat-lesson-unit-conversion and https://www.khanacademy.org/math/cc-fifth-grade-math/imp-measurement-and-data-3/imp-unit-conversion/e/converting-units, 2) Purple Math: https://www.purplemath.com/modules/units2.htm and https://www.purplemath.com/modules/metric.htm and https://www.purplemath.com/modules/units.htm"
10,2.3 Metric length conversion,"1) Khan Academy: https://www.khanacademy.org/kmap/measurement-and-data-f/converting-units-of-measure and https://www.khanacademy.org/test-prep/v2-sat-math/x0fcc98a58ba3bea7:problem-solving-and-data-analysis-harder/x0fcc98a58ba3bea7:unit-conversion-harder/a/v2-sat-lesson-unit-conversion and https://www.khanacademy.org/math/cc-fifth-grade-math/imp-measurement-and-data-3/imp-unit-conversion/e/converting-units, 2) Purple Math: https://www.purplemath.com/modules/units2.htm and https://www.purplemath.com/modules/metric.htm and https://www.purplemath.com/modules/units.htm"
11,2.4 Compound-unit conversion,"1) Khan Academy: https://www.khanacademy.org/kmap/measurement-and-data-f/converting-units-of-measure and https://www.khanacademy.org/test-prep/v2-sat-math/x0fcc98a58ba3bea7:problem-solving-and-data-analysis-harder/x0fcc98a58ba3bea7:unit-conversion-harder/a/v2-sat-lesson-unit-conversion and https://www.khanacademy.org/math/cc-fifth-grade-math/imp-measurement-and-data-3/imp-unit-conversion/e/converting-units, 2) Purple Math: https://www.purplemath.com/modules/units2.htm and https://www.purplemath.com/modules/metric.htm and https://www.purplemath.com/modules/units.htm"
12,2.5 Converting squared / area units,"1) Khan Academy: https://www.khanacademy.org/kmap/measurement-and-data-f/converting-units-of-measure and https://www.khanacademy.org/test-prep/v2-sat-math/x0fcc98a58ba3bea7:problem-solving-and-data-analysis-harder/x0fcc98a58ba3bea7:unit-conversion-harder/a/v2-sat-lesson-unit-conversion and https://www.khanacademy.org/math/cc-fifth-grade-math/imp-measurement-and-data-3/imp-unit-conversion/e/converting-units, 2) Purple Math: https://www.purplemath.com/modules/units2.htm and https://www.purplemath.com/modules/metric.htm and https://www.purplemath.com/modules/units.htm"
13,3.1 Slope from two points,"1) Khan Academy: https://www.khanacademy.org/math/algebra/x2f8bb11595b61c86:linear-equations-graphs and https://www.khanacademy.org/math/algebra-home/alg-linear-eq-func and https://www.khanacademy.org/math/algebra-basics/alg-basics-graphing-lines-and-slope and https://www.khanacademy.org/math/cc-eighth-grade-math/cc-8th-linear-equations-functions/8th-slope/a/slope-from-two-points and https://www.khanacademy.org/math/algebra/x2f8bb11595b61c86:linear-equations-graphs/x2f8bb11595b61c86:slope/e/slope-from-two-points, 2) Paul's Notes: https://tutorial.math.lamar.edu/classes/alg/lines.aspx, 3) Purple Math: https://www.purplemath.com/modules/graphlin.htm and https://www.purplemath.com/modules/graphlin3.htm and https://www.purplemath.com/modules/systlin2.htm"
14,3.2 Equation from slope and y-intercept,"1) Khan Academy: https://www.khanacademy.org/math/algebra/x2f8bb11595b61c86:linear-equations-graphs and https://www.khanacademy.org/math/algebra-home/alg-linear-eq-func and https://www.khanacademy.org/math/algebra-basics/alg-basics-graphing-lines-and-slope and https://www.khanacademy.org/math/algebra/x2f8bb11595b61c86:forms-of-linear-equations/x2f8bb11595b61c86:writing-slope-intercept-equations/a/writing-slope-intercept-equations, 2) Paul's Notes: https://tutorial.math.lamar.edu/classes/alg/lines.aspx, 3) Purple Math: https://www.purplemath.com/modules/graphlin.htm and https://www.purplemath.com/modules/graphlin3.htm and https://www.purplemath.com/modules/systlin2.htm and https://www.purplemath.com/modules/slopgrph.htm"
15,3.3 Slope and rate from a table,"1) Khan Academy: https://www.khanacademy.org/math/algebra/x2f8bb11595b61c86:linear-equations-graphs and https://www.khanacademy.org/math/algebra-home/alg-linear-eq-func and https://www.khanacademy.org/math/algebra-basics/alg-basics-graphing-lines-and-slope, 2) Paul's Notes: https://tutorial.math.lamar.edu/classes/alg/lines.aspx, 3) Purple Math: https://www.purplemath.com/modules/graphlin.htm and https://www.purplemath.com/modules/graphlin3.htm and https://www.purplemath.com/modules/systlin2.htm"
16,3.3 Slope and rate from a table,"1) Khan Academy: https://www.khanacademy.org/math/algebra/x2f8bb11595b61c86:linear-equations-graphs and https://www.khanacademy.org/math/algebra-home/alg-linear-eq-func and https://www.khanacademy.org/math/algebra-basics/alg-basics-graphing-lines-and-slope, 2) Paul's Notes: https://tutorial.math.lamar.edu/classes/alg/lines.aspx, 3) Purple Math: https://www.purplemath.com/modules/graphlin.htm and https://www.purplemath.com/modules/graphlin3.htm and https://www.purplemath.com/modules/systlin2.htm and https://www.purplemath.com/modules/slopgrph.htm"
17,3.4 Interpreting slope and intercept in context,"1) Khan Academy: https://www.khanacademy.org/math/algebra/x2f8bb11595b61c86:linear-equations-graphs and https://www.khanacademy.org/math/algebra-home/alg-linear-eq-func and https://www.khanacademy.org/math/algebra-basics/alg-basics-graphing-lines-and-slope, 2) Paul's Notes: https://tutorial.math.lamar.edu/classes/alg/lines.aspx, 3) Purple Math: https://www.purplemath.com/modules/graphlin.htm and https://www.purplemath.com/modules/graphlin3.htm and https://www.purplemath.com/modules/systlin2.htm"
18,3.4 Interpreting slope and intercept in context,"1) Khan Academy: https://www.khanacademy.org/math/algebra/x2f8bb11595b61c86:linear-equations-graphs and https://www.khanacademy.org/math/algebra-home/alg-linear-eq-func and https://www.khanacademy.org/math/algebra-basics/alg-basics-graphing-lines-and-slope, 2) Paul's Notes: https://tutorial.math.lamar.edu/classes/alg/lines.aspx, 3) Purple Math: https://www.purplemath.com/modules/graphlin.htm and https://www.purplemath.com/modules/graphlin3.htm and https://www.purplemath.com/modules/systlin2.htm"
19,3.4 Interpreting slope and intercept in context,"1) Khan Academy: https://www.khanacademy.org/math/algebra/x2f8bb11595b61c86:linear-equations-graphs and https://www.khanacademy.org/math/algebra-home/alg-linear-eq-func and https://www.khanacademy.org/math/algebra-basics/alg-basics-graphing-lines-and-slope, 2) Paul's Notes: https://tutorial.math.lamar.edu/classes/alg/lines.aspx, 3) Purple Math: https://www.purplemath.com/modules/graphlin.htm and https://www.purplemath.com/modules/graphlin3.htm and https://www.purplemath.com/modules/systlin2.htm"
20,3.5 Reading a line from a graph,"1) Khan Academy: https://www.khanacademy.org/math/algebra/x2f8bb11595b61c86:linear-equations-graphs and https://www.khanacademy.org/math/algebra-home/alg-linear-eq-func and https://www.khanacademy.org/math/algebra-basics/alg-basics-graphing-lines-and-slope, 2) Paul's Notes: https://tutorial.math.lamar.edu/classes/alg/lines.aspx, 3) Purple Math: https://www.purplemath.com/modules/graphlin.htm and https://www.purplemath.com/modules/graphlin3.htm and https://www.purplemath.com/modules/systlin2.htm"
21,3.5 Reading a line from a graph,"1) Khan Academy: https://www.khanacademy.org/math/algebra/x2f8bb11595b61c86:linear-equations-graphs and https://www.khanacademy.org/math/algebra-home/alg-linear-eq-func and https://www.khanacademy.org/math/algebra-basics/alg-basics-graphing-lines-and-slope, 2) Paul's Notes: https://tutorial.math.lamar.edu/classes/alg/lines.aspx, 3) Purple Math: https://www.purplemath.com/modules/graphlin.htm and https://www.purplemath.com/modules/graphlin3.htm and https://www.purplemath.com/modules/systlin2.htm"
22,4.1 Trig ratios: sine & cosine,"1) Khan Academy: https://www.khanacademy.org/math/trigonometry/trig-equations-and-identities and https://www.khanacademy.org/math/geometry/hs-geo-trig/hs-geo-trig-ratios-intro/a/finding-trig-ratios-in-right-triangles and https://www.khanacademy.org/math/geometry/hs-geo-trig/hs-geo-trig-ratios-intro/e/trigonometry_1 and https://www.khanacademy.org/math/trigonometry/trigonometry-right-triangles/reciprocal-trig-ratios/a/trigonometric-ratios-review, 2) Paul's Notes: https://tutorial.math.lamar.edu/pdf/trig_cheat_sheet.pdf and https://tutorial.math.lamar.edu/classes/calci/trigfcns.aspx, 3) Purple Math: https://www.purplemath.com/modules/graphing/idents.htm and https://www.purplemath.com/modules/ideneval.htm and https://www.purplemath.com/modules/basirati2.htm and https://www.purplemath.com/modules/quadangs3.htm and https://www.purplemath.com/modules/basirati.htm"
23,4.1 Trig ratios: sine & cosine,"1) Khan Academy: https://www.khanacademy.org/math/trigonometry/trig-equations-and-identities and https://www.khanacademy.org/math/geometry/hs-geo-trig/hs-geo-trig-ratios-intro/a/finding-trig-ratios-in-right-triangles and https://www.khanacademy.org/math/geometry/hs-geo-trig/hs-geo-trig-ratios-intro/e/trigonometry_1 and https://www.khanacademy.org/math/trigonometry/trigonometry-right-triangles/reciprocal-trig-ratios/a/trigonometric-ratios-review, 2) Paul's Notes: https://tutorial.math.lamar.edu/pdf/trig_cheat_sheet.pdf and https://tutorial.math.lamar.edu/classes/calci/trigfcns.aspx, 3) Purple Math: https://www.purplemath.com/modules/graphing/idents.htm and https://www.purplemath.com/modules/ideneval.htm and https://www.purplemath.com/modules/basirati2.htm and https://www.purplemath.com/modules/quadangs3.htm and https://www.purplemath.com/modules/basirati.htm"
24,4.2 Trig ratios: tangent (+ Pythagorean),"1) Khan Academy: https://www.khanacademy.org/math/trigonometry/trig-equations-and-identities and https://www.khanacademy.org/math/geometry/hs-geo-trig/hs-geo-trig-ratios-intro/a/finding-trig-ratios-in-right-triangles and https://www.khanacademy.org/math/geometry/hs-geo-trig/hs-geo-trig-ratios-intro/e/trigonometry_1 and https://www.khanacademy.org/math/trigonometry/trigonometry-right-triangles/reciprocal-trig-ratios/a/trigonometric-ratios-review, 2) Paul's Notes: https://tutorial.math.lamar.edu/pdf/trig_cheat_sheet.pdf and https://tutorial.math.lamar.edu/classes/calci/trigfcns.aspx, 3) Purple Math: https://www.purplemath.com/modules/graphing/idents.htm and https://www.purplemath.com/modules/ideneval.htm and https://www.purplemath.com/modules/basirati2.htm and https://www.purplemath.com/modules/quadangs3.htm and https://www.purplemath.com/modules/basirati.htm"
25,4.2 Trig ratios: tangent (+ Pythagorean),"1) Khan Academy: https://www.khanacademy.org/math/geometry-home/geometry-pythagorean-theorem and https://www.khanacademy.org/math/cc-eighth-grade-math/cc-8th-geometry/cc-8th-pythagorean-theorem/e/pythagorean_theorem_1 and https://www.khanacademy.org/math/cc-eighth-grade-math/cc-8th-geometry/cc-8th-pythagorean-theorem/a/pythagorean-theorem-intro, 2) Mathematics LibreTexts: https://math.libretexts.org/Courses/Fullerton_College/Math_100%3A_Liberal_Arts_Math_(Claassen_and_Ikeda)/02%3A_Geometry/2.04%3A_The_Pythagorean_Theorem, 3) Purple Math: https://www.purplemath.com/modules/pythagthm.htm and https://www.purplemath.com/modules/pythagthm2.htm"
26,4.3 Applied right-triangle trig,"1) Khan Academy: https://www.khanacademy.org/math/trigonometry/trig-equations-and-identities and https://www.khanacademy.org/math/geometry/hs-geo-trig/hs-geo-trig-ratios-intro/a/finding-trig-ratios-in-right-triangles and https://www.khanacademy.org/math/geometry/hs-geo-trig/hs-geo-trig-ratios-intro/e/trigonometry_1 and https://www.khanacademy.org/math/grade-10-math-snc-aligned/x403faa8cdfdccaea:applications-of-trigonometry and https://www.khanacademy.org/math/trigonometry/trigonometry-right-triangles/reciprocal-trig-ratios/a/trigonometric-ratios-review, 2) Paul's Notes: https://tutorial.math.lamar.edu/pdf/trig_cheat_sheet.pdf and https://tutorial.math.lamar.edu/classes/calci/trigfcns.aspx, 3) Purple Math: https://www.purplemath.com/modules/graphing/idents.htm and https://www.purplemath.com/modules/ideneval.htm and https://www.purplemath.com/modules/basirati2.htm and https://www.purplemath.com/modules/quadangs3.htm and https://www.purplemath.com/modules/basirati.htm and https://www.purplemath.com/modules/triggrph.htm and https://www.purplemath.com/modules/solvtrig2.htm"
27,4.4 Geometric angle relationships (complementary),"1) Khan Academy: https://www.khanacademy.org/math/trigonometry/trig-equations-and-identities and https://www.khanacademy.org/math/geometry/hs-geo-trig/hs-geo-trig-ratios-intro/a/finding-trig-ratios-in-right-triangles and https://www.khanacademy.org/math/geometry/hs-geo-trig/hs-geo-trig-ratios-intro/e/trigonometry_1 and https://www.khanacademy.org/test-prep/v2-sat-math/x0fcc98a58ba3bea7:geometry-and-trigonometry-harder and https://www.khanacademy.org/math/trigonometry/trigonometry-right-triangles/reciprocal-trig-ratios/a/trigonometric-ratios-review, 2) Paul's Notes: https://tutorial.math.lamar.edu/pdf/trig_cheat_sheet.pdf and https://tutorial.math.lamar.edu/classes/calci/trigfcns.aspx, 3) Purple Math: https://www.purplemath.com/modules/graphing/idents.htm and https://www.purplemath.com/modules/ideneval.htm and https://www.purplemath.com/modules/basirati2.htm and https://www.purplemath.com/modules/quadangs3.htm and https://www.purplemath.com/modules/basirati.htm and https://www.purplemath.com/modules/quadangs.htm and https://www.purplemath.com/modules/trig.htm"
28,4.4 Geometric angle relationships (complementary),"1) Khan Academy: https://www.khanacademy.org/math/trigonometry/trig-equations-and-identities and https://www.khanacademy.org/math/geometry/hs-geo-trig/hs-geo-trig-ratios-intro/a/finding-trig-ratios-in-right-triangles and https://www.khanacademy.org/math/geometry/hs-geo-trig/hs-geo-trig-ratios-intro/e/trigonometry_1 and https://www.khanacademy.org/test-prep/v2-sat-math/x0fcc98a58ba3bea7:geometry-and-trigonometry-harder and https://www.khanacademy.org/math/trigonometry/trigonometry-right-triangles/reciprocal-trig-ratios/a/trigonometric-ratios-review, 2) Paul's Notes: https://tutorial.math.lamar.edu/pdf/trig_cheat_sheet.pdf and https://tutorial.math.lamar.edu/classes/calci/trigfcns.aspx, 3) Purple Math: https://www.purplemath.com/modules/graphing/idents.htm and https://www.purplemath.com/modules/ideneval.htm and https://www.purplemath.com/modules/basirati2.htm and https://www.purplemath.com/modules/quadangs3.htm and https://www.purplemath.com/modules/basirati.htm and https://www.purplemath.com/modules/quadangs.htm and https://www.purplemath.com/modules/trig.htm"
29,4.5 Ladder problem: inverse trig + Pythagorean,"1) Khan Academy: https://www.khanacademy.org/math/trigonometry/trig-equations-and-identities/inverse-trig-functions and https://www.khanacademy.org/math/geometry/hs-geo-trig/hs-geo-solve-for-an-angle/a/inverse-trig-functions-intro and https://www.khanacademy.org/math/precalculus/x9e81a4f98389efdf:trig/x9e81a4f98389efdf:inverse-trig/e/inverse_trig_functions and https://www.khanacademy.org/math/ncert-class-12/x7ce8ca9c5869750b:inverse-trigonometric-functions-ncert-new and https://www.khanacademy.org/math/precalculus/x9e81a4f98389efdf:trig/x9e81a4f98389efdf:inverse-trig/a/inverse-trigonometric-functions-review and https://www.khanacademy.org/math/geometry-home/geometry-pythagorean-theorem and https://www.khanacademy.org/math/cc-eighth-grade-math/cc-8th-geometry/cc-8th-pythagorean-theorem/e/pythagorean_theorem_1 and https://www.khanacademy.org/math/cc-eighth-grade-math/cc-8th-geometry/cc-8th-pythagorean-theorem/a/pythagorean-theorem-intro, 2) Mathematics LibreTexts: https://math.libretexts.org/Courses/Fullerton_College/Math_100%3A_Liberal_Arts_Math_(Claassen_and_Ikeda)/02%3A_Geometry/2.04%3A_The_Pythagorean_Theorem and https://math.libretexts.org/Bookshelves/Precalculus/Precalculus_1e_(OpenStax)/06%3A_Periodic_Functions/6.03%3A_Inverse_Trigonometric_Functions and https://math.libretexts.org/Courses/Irvine_Valley_College/Math_3AC%3A_Analytic_Geometry_and_Calculus_I/09%3A_Chain_Rule_and_Inverse_Trig_Functions/9.03%3A_The_Inverse_Trigonometric_Functions, 3) Purple Math: https://www.purplemath.com/modules/pythagthm.htm and https://www.purplemath.com/modules/pythagthm2.htm and https://www.purplemath.com/modules/invratio.htm, 4) Paul's Math Notes: https://tutorial.math.lamar.edu/extras/algebratrigreview/inversetrig.aspx"
30,4.5 Ladder problem: inverse trig + Pythagorean,"1) Khan Academy: https://www.khanacademy.org/math/trigonometry/trig-equations-and-identities/inverse-trig-functions and https://www.khanacademy.org/math/geometry/hs-geo-trig/hs-geo-solve-for-an-angle/a/inverse-trig-functions-intro and https://www.khanacademy.org/math/precalculus/x9e81a4f98389efdf:trig/x9e81a4f98389efdf:inverse-trig/e/inverse_trig_functions and https://www.khanacademy.org/math/ncert-class-12/x7ce8ca9c5869750b:inverse-trigonometric-functions-ncert-new and https://www.khanacademy.org/math/precalculus/x9e81a4f98389efdf:trig/x9e81a4f98389efdf:inverse-trig/a/inverse-trigonometric-functions-review , 2) Mathematics LibreTexts:  https://math.libretexts.org/Bookshelves/Precalculus/Precalculus_1e_(OpenStax)/06%3A_Periodic_Functions/6.03%3A_Inverse_Trigonometric_Functions and https://math.libretexts.org/Courses/Irvine_Valley_College/Math_3AC%3A_Analytic_Geometry_and_Calculus_I/09%3A_Chain_Rule_and_Inverse_Trig_Functions/9.03%3A_The_Inverse_Trigonometric_Functions, 3) Purple Math: https://www.purplemath.com/modules/invratio.htm, 4) Paul's Math Notes: https://tutorial.math.lamar.edu/extras/algebratrigreview/inversetrig.aspx"
31,4.5 Ladder problem: inverse trig + Pythagorean,"1) Khan Academy: https://www.khanacademy.org/math/trigonometry/trig-equations-and-identities/inverse-trig-functions and https://www.khanacademy.org/math/geometry/hs-geo-trig/hs-geo-solve-for-an-angle/a/inverse-trig-functions-intro and https://www.khanacademy.org/math/precalculus/x9e81a4f98389efdf:trig/x9e81a4f98389efdf:inverse-trig/e/inverse_trig_functions and https://www.khanacademy.org/math/ncert-class-12/x7ce8ca9c5869750b:inverse-trigonometric-functions-ncert-new and https://www.khanacademy.org/math/precalculus/x9e81a4f98389efdf:trig/x9e81a4f98389efdf:inverse-trig/a/inverse-trigonometric-functions-review and https://www.khanacademy.org/math/geometry-home/geometry-pythagorean-theorem and https://www.khanacademy.org/math/cc-eighth-grade-math/cc-8th-geometry/cc-8th-pythagorean-theorem/e/pythagorean_theorem_1 and https://www.khanacademy.org/math/cc-eighth-grade-math/cc-8th-geometry/cc-8th-pythagorean-theorem/a/pythagorean-theorem-intro, 2) Mathematics LibreTexts: https://math.libretexts.org/Courses/Fullerton_College/Math_100%3A_Liberal_Arts_Math_(Claassen_and_Ikeda)/02%3A_Geometry/2.04%3A_The_Pythagorean_Theorem and https://math.libretexts.org/Bookshelves/Precalculus/Precalculus_1e_(OpenStax)/06%3A_Periodic_Functions/6.03%3A_Inverse_Trigonometric_Functions and https://math.libretexts.org/Courses/Irvine_Valley_College/Math_3AC%3A_Analytic_Geometry_and_Calculus_I/09%3A_Chain_Rule_and_Inverse_Trig_Functions/9.03%3A_The_Inverse_Trigonometric_Functions, 3) Purple Math: https://www.purplemath.com/modules/pythagthm.htm and https://www.purplemath.com/modules/pythagthm2.htm and https://www.purplemath.com/modules/invratio.htm, 4) Paul's Math Notes: https://tutorial.math.lamar.edu/extras/algebratrigreview/inversetrig.aspx"
32,5.1 Pythagorean theorem (diagonal of a square),"1) Khan Academy: https://www.khanacademy.org/math/geometry-home/geometry-pythagorean-theorem and https://www.khanacademy.org/math/cc-eighth-grade-math/cc-8th-geometry/cc-8th-pythagorean-theorem/e/pythagorean_theorem_1 and https://www.khanacademy.org/math/cc-eighth-grade-math/cc-8th-geometry/cc-8th-pythagorean-theorem/a/pythagorean-theorem-intro, 2) Mathematics LibreTexts: https://math.libretexts.org/Courses/Fullerton_College/Math_100%3A_Liberal_Arts_Math_(Claassen_and_Ikeda)/02%3A_Geometry/2.04%3A_The_Pythagorean_Theorem, 3) Purple Math: https://www.purplemath.com/modules/pythagthm.htm and https://www.purplemath.com/modules/pythagthm2.htm"
33,5.2 Vector decomposition (x/y components),"1) Khan Academy: https://www.khanacademy.org/math/linear-algebra/vectors-and-spaces and https://www.khanacademy.org/math/algebra-home/alg-vectors/alg-combined-vector-operations/a/vector-operations-review and https://www.khanacademy.org/math/algebra-home/alg-vectors and https://www.khanacademy.org/math/precalculus/x9e81a4f98389efdf:vectors/x9e81a4f98389efdf:vector-components/v/introduction-to-vector-components and https://www.khanacademy.org/math/precalculus/x9e81a4f98389efdf:vectors/x9e81a4f98389efdf:component-form/a/vector-component-form-no-direction-angle and https://www.khanacademy.org/science/ap-college-physics-1/xf557a762645cccc5:kinematics/xf557a762645cccc5:motion-in-2d/a/what-are-velocity-components and https://www.khanacademy.org/math/precalculus/x9e81a4f98389efdf:vectors/x9e81a4f98389efdf:component-form/a/vector-magnitude-and-direction-review, 2) Paul's Math Notes: https://tutorial.math.lamar.edu/Classes/CalcII/Vectors_Basics.aspx and https://tutorial.math.lamar.edu/classes/calcii/vectorarithmetic.aspx and https://tutorial.math.lamar.edu/classes/calcii/vectorsintro.aspx"
34,5.2 Vector decomposition (x/y components),"1) Khan Academy: https://www.khanacademy.org/math/linear-algebra/vectors-and-spaces and https://www.khanacademy.org/math/algebra-home/alg-vectors/alg-combined-vector-operations/a/vector-operations-review and https://www.khanacademy.org/math/algebra-home/alg-vectors and https://www.khanacademy.org/math/precalculus/x9e81a4f98389efdf:vectors/x9e81a4f98389efdf:vec-add-mag-dir/v/adding-vectors-in-magnitude-and-direction-form and https://www.khanacademy.org/math/precalculus/x9e81a4f98389efdf:vectors/x9e81a4f98389efdf:component-form/a/vector-magnitude-and-direction-review and https://www.khanacademy.org/science/in-in-class11th-physics/in-in-class11th-physics-vectors-prerequisite/in-in-class11th-physics-vectors-prerequisite-adding-vectors-in-magnitude-and-direction-form/v/mag-dir-vec-sums-2, 2) Paul's Math Notes: https://tutorial.math.lamar.edu/Classes/CalcII/Vectors_Basics.aspx and https://tutorial.math.lamar.edu/classes/calcii/vectorarithmetic.aspx , 3)Mathematics LibreTexts: https://math.libretexts.org/Bookshelves/Precalculus/Precalculus_1e_(OpenStax)/08%3A_Further_Applications_of_Trigonometry/8.08%3A_Vectors"
35,5.3 Vector addition (Pythagorean + direction angle),"1) Khan Academy: https://www.khanacademy.org/math/linear-algebra/vectors-and-spaces and https://www.khanacademy.org/math/algebra-home/alg-vectors/alg-combined-vector-operations/a/vector-operations-review and https://www.khanacademy.org/math/algebra-home/alg-vectors, 2) Paul's Math Notes: https://tutorial.math.lamar.edu/Classes/CalcII/Vectors_Basics.aspx and https://tutorial.math.lamar.edu/classes/calcii/vectorarithmetic.aspx and https://tutorial.math.lamar.edu/classes/calcii/vectorsintro.aspx"
36,5.3 Vector addition (Pythagorean + direction angle),"1) Khan Academy: https://www.khanacademy.org/math/linear-algebra/vectors-and-spaces and https://www.khanacademy.org/math/algebra-home/alg-vectors/alg-combined-vector-operations/a/vector-operations-review and https://www.khanacademy.org/math/algebra-home/alg-vectors, 2) Paul's Math Notes: https://tutorial.math.lamar.edu/Classes/CalcII/Vectors_Basics.aspx and https://tutorial.math.lamar.edu/classes/calcii/vectorarithmetic.aspx and https://tutorial.math.lamar.edu/classes/calcii/vectorsintro.aspx"
37,5.4 Vector addition (component method),"1) Khan Academy: https://www.khanacademy.org/math/linear-algebra/vectors-and-spaces and https://www.khanacademy.org/math/algebra-home/alg-vectors/alg-combined-vector-operations/a/vector-operations-review and https://www.khanacademy.org/math/algebra-home/alg-vectors, 2) Paul's Math Notes: https://tutorial.math.lamar.edu/Classes/CalcII/Vectors_Basics.aspx and https://tutorial.math.lamar.edu/classes/calcii/vectorarithmetic.aspx and https://tutorial.math.lamar.edu/classes/calcii/vectorsintro.aspx"
38,5.4 Vector addition (component method),"1) Khan Academy: https://www.khanacademy.org/math/linear-algebra/vectors-and-spaces and https://www.khanacademy.org/math/algebra-home/alg-vectors/alg-combined-vector-operations/a/vector-operations-review and https://www.khanacademy.org/math/algebra-home/alg-vectors, 2) Paul's Math Notes: https://tutorial.math.lamar.edu/Classes/CalcII/Vectors_Basics.aspx and https://tutorial.math.lamar.edu/classes/calcii/vectorarithmetic.aspx and https://tutorial.math.lamar.edu/classes/calcii/vectorsintro.aspx"
39,5.4 Vector addition (component method),"1) Khan Academy: https://www.khanacademy.org/math/linear-algebra/vectors-and-spaces and https://www.khanacademy.org/math/algebra-home/alg-vectors/alg-combined-vector-operations/a/vector-operations-review and https://www.khanacademy.org/math/algebra-home/alg-vectors, 2) Paul's Math Notes: https://tutorial.math.lamar.edu/Classes/CalcII/Vectors_Basics.aspx and https://tutorial.math.lamar.edu/classes/calcii/vectorarithmetic.aspx and https://tutorial.math.lamar.edu/classes/calcii/vectorsintro.aspx"
40,"5.5 Vector arithmetic (add, subtract, magnitude)","1) Khan Academy: https://www.khanacademy.org/math/linear-algebra/vectors-and-spaces and https://www.khanacademy.org/math/algebra-home/alg-vectors/alg-combined-vector-operations/a/vector-operations-review and https://www.khanacademy.org/math/algebra-home/alg-vectors, 2) Paul's Math Notes: https://tutorial.math.lamar.edu/Classes/CalcII/Vectors_Basics.aspx and https://tutorial.math.lamar.edu/classes/calcii/vectorarithmetic.aspx and https://tutorial.math.lamar.edu/classes/calcii/vectorsintro.aspx"
41,"5.5 Vector arithmetic (add, subtract, magnitude)","1) Khan Academy: https://www.khanacademy.org/math/linear-algebra/vectors-and-spaces and https://www.khanacademy.org/math/algebra-home/alg-vectors/alg-combined-vector-operations/a/vector-operations-review and https://www.khanacademy.org/math/algebra-home/alg-vectors, 2) Paul's Math Notes: https://tutorial.math.lamar.edu/Classes/CalcII/Vectors_Basics.aspx and https://tutorial.math.lamar.edu/classes/calcii/vectorarithmetic.aspx and https://tutorial.math.lamar.edu/classes/calcii/vectorsintro.aspx"
42,"5.5 Vector arithmetic (add, subtract, magnitude)","1) Khan Academy: https://www.khanacademy.org/math/linear-algebra/vectors-and-spaces and https://www.khanacademy.org/math/algebra-home/alg-vectors/alg-combined-vector-operations/a/vector-operations-review and https://www.khanacademy.org/math/algebra-home/alg-vectors, 2) Paul's Math Notes: https://tutorial.math.lamar.edu/Classes/CalcII/Vectors_Basics.aspx and https://tutorial.math.lamar.edu/classes/calcii/vectorarithmetic.aspx and https://tutorial.math.lamar.edu/classes/calcii/vectorsintro.aspx"
43,"5.5 Vector arithmetic (add, subtract, magnitude)","1) Khan Academy: https://www.khanacademy.org/math/linear-algebra/vectors-and-spaces and https://www.khanacademy.org/math/algebra-home/alg-vectors/alg-combined-vector-operations/a/vector-operations-review and https://www.khanacademy.org/math/algebra-home/alg-vectors, 2) Paul's Math Notes: https://tutorial.math.lamar.edu/Classes/CalcII/Vectors_Basics.aspx and https://tutorial.math.lamar.edu/classes/calcii/vectorarithmetic.aspx and https://tutorial.math.lamar.edu/classes/calcii/vectorsintro.aspx"
44,6.1 Unit rate / direct proportion,"1) Khan Academy: https://www.khanacademy.org/test-prep/v2-sat-math/x0fcc98a58ba3bea7:problem-solving-and-data-analysis-easier/x0fcc98a58ba3bea7:ratios-rates-and-proportions-easier/a/v2-sat-lesson-ratios-rates-and-proportions and https://www.khanacademy.org/math/pre-algebra/pre-algebra-ratios-rates and https://www.khanacademy.org/math/grade-6-math-tx/x3931b57772b927b3:proportional-reasoning-ratios-rates, 2) Purple Math: https://www.purplemath.com/modules/ratio.htm and https://www.purplemath.com/modules/ratio2.htm and https://www.purplemath.com/modules/ratio2.htm and https://www.purplemath.com/modules/ratio4.htm and https://www.purplemath.com/modules/ratio7.htm, 3) Mathematics LibreTexts: https://math.libretexts.org/Bookshelves/Applied_Mathematics/Contemporary_Mathematics_(OpenStax)/05%3A__Algebra/5.04%3A__Ratios_and_Proportions and https://math.libretexts.org/Courses/Northeast_Wisconsin_Technical_College/College_Technical_Math_1A_(NWTC)/05%3A_Proportions_and_Variation/5.01%3A_Ratios_Rates_Proportions and https://math.libretexts.org/Courses/Cosumnes_River_College/Corequisite_Codex/02%3A_Arithmetic/2.11%3A_Ratios_Proportions_and_Proportional_Reasoning and https://math.libretexts.org/Bookshelves/Algebra/Elementary_Algebra_(LibreTexts)/02%3A_Linear_Equations_and_Inequalities/2.06%3A_Ratio_and_Proportion_Applications, 4)Nrich: https://nrich.maths.org/problems/ratios-and-dilutions, 5)Illustrative Mathematics: https://accessim.org/6-8/grade-7/unit-2/section-a/lesson-1?a=student"
45,6.2 Direct proportion (scaling),"1) Khan Academy: https://www.khanacademy.org/test-prep/v2-sat-math/x0fcc98a58ba3bea7:problem-solving-and-data-analysis-easier/x0fcc98a58ba3bea7:ratios-rates-and-proportions-easier/a/v2-sat-lesson-ratios-rates-and-proportions and https://www.khanacademy.org/math/pre-algebra/pre-algebra-ratios-rates and https://www.khanacademy.org/math/grade-6-math-tx/x3931b57772b927b3:proportional-reasoning-ratios-rates, 2) Purple Math: https://www.purplemath.com/modules/ratio.htm and https://www.purplemath.com/modules/ratio2.htm and https://www.purplemath.com/modules/ratio2.htm and https://www.purplemath.com/modules/ratio4.htm and https://www.purplemath.com/modules/ratio7.htm, 3) Mathematics LibreTexts: https://math.libretexts.org/Bookshelves/Applied_Mathematics/Contemporary_Mathematics_(OpenStax)/05%3A__Algebra/5.04%3A__Ratios_and_Proportions and https://math.libretexts.org/Courses/Northeast_Wisconsin_Technical_College/College_Technical_Math_1A_(NWTC)/05%3A_Proportions_and_Variation/5.01%3A_Ratios_Rates_Proportions and https://math.libretexts.org/Courses/Cosumnes_River_College/Corequisite_Codex/02%3A_Arithmetic/2.11%3A_Ratios_Proportions_and_Proportional_Reasoning and https://math.libretexts.org/Bookshelves/Algebra/Elementary_Algebra_(LibreTexts)/02%3A_Linear_Equations_and_Inequalities/2.06%3A_Ratio_and_Proportion_Applications, 4)Nrich: https://nrich.maths.org/problems/ratios-and-dilutions, 5)Illustrative Mathematics: https://accessim.org/6-8/grade-7/unit-2/section-a/lesson-1?a=student"
46,6.3 Constant of proportionality,"1) Khan Academy: https://www.khanacademy.org/test-prep/v2-sat-math/x0fcc98a58ba3bea7:problem-solving-and-data-analysis-easier/x0fcc98a58ba3bea7:ratios-rates-and-proportions-easier/a/v2-sat-lesson-ratios-rates-and-proportions and https://www.khanacademy.org/math/pre-algebra/pre-algebra-ratios-rates and https://www.khanacademy.org/math/grade-6-math-tx/x3931b57772b927b3:proportional-reasoning-ratios-rates, 2) Purple Math: https://www.purplemath.com/modules/ratio.htm and https://www.purplemath.com/modules/ratio2.htm and https://www.purplemath.com/modules/ratio2.htm and https://www.purplemath.com/modules/ratio4.htm and https://www.purplemath.com/modules/ratio7.htm, 3) Mathematics LibreTexts: https://math.libretexts.org/Bookshelves/Applied_Mathematics/Contemporary_Mathematics_(OpenStax)/05%3A__Algebra/5.04%3A__Ratios_and_Proportions and https://math.libretexts.org/Courses/Northeast_Wisconsin_Technical_College/College_Technical_Math_1A_(NWTC)/05%3A_Proportions_and_Variation/5.01%3A_Ratios_Rates_Proportions and https://math.libretexts.org/Courses/Cosumnes_River_College/Corequisite_Codex/02%3A_Arithmetic/2.11%3A_Ratios_Proportions_and_Proportional_Reasoning and https://math.libretexts.org/Bookshelves/Algebra/Elementary_Algebra_(LibreTexts)/02%3A_Linear_Equations_and_Inequalities/2.06%3A_Ratio_and_Proportion_Applications, 4)Nrich: https://nrich.maths.org/problems/ratios-and-dilutions, 5)Illustrative Mathematics: https://accessim.org/6-8/grade-7/unit-2/section-a/lesson-1?a=student"
47,6.3 Constant of proportionality,"1) Khan Academy: https://www.khanacademy.org/test-prep/v2-sat-math/x0fcc98a58ba3bea7:problem-solving-and-data-analysis-easier/x0fcc98a58ba3bea7:ratios-rates-and-proportions-easier/a/v2-sat-lesson-ratios-rates-and-proportions and https://www.khanacademy.org/math/pre-algebra/pre-algebra-ratios-rates and https://www.khanacademy.org/math/grade-6-math-tx/x3931b57772b927b3:proportional-reasoning-ratios-rates, 2) Purple Math: https://www.purplemath.com/modules/ratio.htm and https://www.purplemath.com/modules/ratio2.htm and https://www.purplemath.com/modules/ratio2.htm and https://www.purplemath.com/modules/ratio4.htm and https://www.purplemath.com/modules/ratio7.htm, 3) Mathematics LibreTexts: https://math.libretexts.org/Bookshelves/Applied_Mathematics/Contemporary_Mathematics_(OpenStax)/05%3A__Algebra/5.04%3A__Ratios_and_Proportions and https://math.libretexts.org/Courses/Northeast_Wisconsin_Technical_College/College_Technical_Math_1A_(NWTC)/05%3A_Proportions_and_Variation/5.01%3A_Ratios_Rates_Proportions and https://math.libretexts.org/Courses/Cosumnes_River_College/Corequisite_Codex/02%3A_Arithmetic/2.11%3A_Ratios_Proportions_and_Proportional_Reasoning and https://math.libretexts.org/Bookshelves/Algebra/Elementary_Algebra_(LibreTexts)/02%3A_Linear_Equations_and_Inequalities/2.06%3A_Ratio_and_Proportion_Applications, 4)Nrich: https://nrich.maths.org/problems/ratios-and-dilutions, 5)Illustrative Mathematics: https://accessim.org/6-8/grade-7/unit-2/section-a/lesson-1?a=student"
48,6.4 Part-to-part ratios (mixing),"1) Khan Academy: https://www.khanacademy.org/test-prep/v2-sat-math/x0fcc98a58ba3bea7:problem-solving-and-data-analysis-easier/x0fcc98a58ba3bea7:ratios-rates-and-proportions-easier/a/v2-sat-lesson-ratios-rates-and-proportions and https://www.khanacademy.org/math/pre-algebra/pre-algebra-ratios-rates and https://www.khanacademy.org/math/grade-6-math-tx/x3931b57772b927b3:proportional-reasoning-ratios-rates, 2) Purple Math: https://www.purplemath.com/modules/ratio.htm and https://www.purplemath.com/modules/ratio2.htm and https://www.purplemath.com/modules/ratio2.htm and https://www.purplemath.com/modules/ratio4.htm and https://www.purplemath.com/modules/ratio7.htm, 3) Mathematics LibreTexts: https://math.libretexts.org/Bookshelves/Applied_Mathematics/Contemporary_Mathematics_(OpenStax)/05%3A__Algebra/5.04%3A__Ratios_and_Proportions and https://math.libretexts.org/Courses/Northeast_Wisconsin_Technical_College/College_Technical_Math_1A_(NWTC)/05%3A_Proportions_and_Variation/5.01%3A_Ratios_Rates_Proportions and https://math.libretexts.org/Courses/Cosumnes_River_College/Corequisite_Codex/02%3A_Arithmetic/2.11%3A_Ratios_Proportions_and_Proportional_Reasoning and https://math.libretexts.org/Bookshelves/Algebra/Elementary_Algebra_(LibreTexts)/02%3A_Linear_Equations_and_Inequalities/2.06%3A_Ratio_and_Proportion_Applications, 4)Nrich: https://nrich.maths.org/problems/ratios-and-dilutions, 5)Illustrative Mathematics: https://accessim.org/6-8/grade-7/unit-2/section-a/lesson-1?a=student"
49,6.4 Part-to-part ratios (mixing),"1) Khan Academy: https://www.khanacademy.org/test-prep/v2-sat-math/x0fcc98a58ba3bea7:problem-solving-and-data-analysis-easier/x0fcc98a58ba3bea7:ratios-rates-and-proportions-easier/a/v2-sat-lesson-ratios-rates-and-proportions and https://www.khanacademy.org/math/pre-algebra/pre-algebra-ratios-rates and https://www.khanacademy.org/math/grade-6-math-tx/x3931b57772b927b3:proportional-reasoning-ratios-rates, 2) Purple Math: https://www.purplemath.com/modules/ratio.htm and https://www.purplemath.com/modules/ratio2.htm and https://www.purplemath.com/modules/ratio2.htm and https://www.purplemath.com/modules/ratio4.htm and https://www.purplemath.com/modules/ratio7.htm, 3) Mathematics LibreTexts: https://math.libretexts.org/Bookshelves/Applied_Mathematics/Contemporary_Mathematics_(OpenStax)/05%3A__Algebra/5.04%3A__Ratios_and_Proportions and https://math.libretexts.org/Courses/Northeast_Wisconsin_Technical_College/College_Technical_Math_1A_(NWTC)/05%3A_Proportions_and_Variation/5.01%3A_Ratios_Rates_Proportions and https://math.libretexts.org/Courses/Cosumnes_River_College/Corequisite_Codex/02%3A_Arithmetic/2.11%3A_Ratios_Proportions_and_Proportional_Reasoning and https://math.libretexts.org/Bookshelves/Algebra/Elementary_Algebra_(LibreTexts)/02%3A_Linear_Equations_and_Inequalities/2.06%3A_Ratio_and_Proportion_Applications, 4)Nrich: https://nrich.maths.org/problems/ratios-and-dilutions, 5)Illustrative Mathematics: https://accessim.org/6-8/grade-7/unit-2/section-a/lesson-1?a=student"
50,6.5 Inverse-square proportion,"1) Khan Academy: https://www.khanacademy.org/test-prep/v2-sat-math/x0fcc98a58ba3bea7:problem-solving-and-data-analysis-easier/x0fcc98a58ba3bea7:ratios-rates-and-proportions-easier/a/v2-sat-lesson-ratios-rates-and-proportions and https://www.khanacademy.org/math/pre-algebra/pre-algebra-ratios-rates and https://www.khanacademy.org/math/grade-6-math-tx/x3931b57772b927b3:proportional-reasoning-ratios-rates and https://www.khanacademy.org/science/electrical-engineering/ee-electrostatics/ee-electric-force-and-electric-field/a/ee-inverse-square-law and https://www.khanacademy.org/math/class-8-ncf/x7eef1bd24a76901b:proportional-reasoning-2/x7eef1bd24a76901b:inverse-proportion/e/commercial-math-7-b and https://www.khanacademy.org/math/grade-8-math/x37b9516354b6ae1a:direct-and-inverse-proportion , 2) Purple Math: https://www.purplemath.com/modules/ratio.htm and https://www.purplemath.com/modules/ratio2.htm and https://www.purplemath.com/modules/ratio2.htm and https://www.purplemath.com/modules/ratio4.htm and https://www.purplemath.com/modules/ratio7.htm, 3) Mathematics LibreTexts: https://math.libretexts.org/Bookshelves/Applied_Mathematics/Contemporary_Mathematics_(OpenStax)/05%3A__Algebra/5.04%3A__Ratios_and_Proportions and https://math.libretexts.org/Courses/Northeast_Wisconsin_Technical_College/College_Technical_Math_1A_(NWTC)/05%3A_Proportions_and_Variation/5.01%3A_Ratios_Rates_Proportions and https://math.libretexts.org/Courses/Cosumnes_River_College/Corequisite_Codex/02%3A_Arithmetic/2.11%3A_Ratios_Proportions_and_Proportional_Reasoning and https://math.libretexts.org/Bookshelves/Algebra/Elementary_Algebra_(LibreTexts)/02%3A_Linear_Equations_and_Inequalities/2.06%3A_Ratio_and_Proportion_Applications, 4)Nrich: https://nrich.maths.org/problems/ratios-and-dilutions, 5)Illustrative Mathematics: https://accessim.org/6-8/grade-7/unit-2/section-a/lesson-1?a=student"
51,6.5 Inverse-square proportion,"1) Khan Academy: https://www.khanacademy.org/test-prep/v2-sat-math/x0fcc98a58ba3bea7:problem-solving-and-data-analysis-easier/x0fcc98a58ba3bea7:ratios-rates-and-proportions-easier/a/v2-sat-lesson-ratios-rates-and-proportions and https://www.khanacademy.org/math/pre-algebra/pre-algebra-ratios-rates and https://www.khanacademy.org/math/grade-6-math-tx/x3931b57772b927b3:proportional-reasoning-ratios-rates and https://www.khanacademy.org/science/electrical-engineering/ee-electrostatics/ee-electric-force-and-electric-field/a/ee-inverse-square-law and https://www.khanacademy.org/math/class-8-ncf/x7eef1bd24a76901b:proportional-reasoning-2/x7eef1bd24a76901b:inverse-proportion/e/commercial-math-7-b and https://www.khanacademy.org/math/grade-8-math/x37b9516354b6ae1a:direct-and-inverse-proportion, 2) Purple Math: https://www.purplemath.com/modules/ratio.htm and https://www.purplemath.com/modules/ratio2.htm and https://www.purplemath.com/modules/ratio2.htm and https://www.purplemath.com/modules/ratio4.htm and https://www.purplemath.com/modules/ratio7.htm, 3) Mathematics LibreTexts: https://math.libretexts.org/Bookshelves/Applied_Mathematics/Contemporary_Mathematics_(OpenStax)/05%3A__Algebra/5.04%3A__Ratios_and_Proportions and https://math.libretexts.org/Courses/Northeast_Wisconsin_Technical_College/College_Technical_Math_1A_(NWTC)/05%3A_Proportions_and_Variation/5.01%3A_Ratios_Rates_Proportions and https://math.libretexts.org/Courses/Cosumnes_River_College/Corequisite_Codex/02%3A_Arithmetic/2.11%3A_Ratios_Proportions_and_Proportional_Reasoning and https://math.libretexts.org/Bookshelves/Algebra/Elementary_Algebra_(LibreTexts)/02%3A_Linear_Equations_and_Inequalities/2.06%3A_Ratio_and_Proportion_Applications, 4)Nrich: https://nrich.maths.org/problems/ratios-and-dilutions, 5)Illustrative Mathematics: https://accessim.org/6-8/grade-7/unit-2/section-a/lesson-1?a=student"
